id, x, y, z, vx, vy, vz, normv
   3,    2.35211,   15.46031,   28.73800,   6.120687e-06,  -3.720880e-06,  -2.939585e-06,   7.742668e-06
   1,    6.29784,   25.86994,    1.20837,   1.364731e-06,  -5.347302e-06,  -4.827038e-07,   5.539778e-06
   2,   31.65296,    5.81317,   23.24765,  -7.422415e-06,   3.402938e-06,   3.693528e-06,   8.961829e-06
